feature_set,mean_test_r2,min_test_r2,mean_decision_f1,min_decision_f1
extracted_reports_only,-2.244425939917048,-3.4074609984639874,0.33268843995519176,0.23809523809523808
true_reports_only,-2.1638381266927675,-3.5863872782330155,0.3398970027271314,0.23384615384615384
usage_only,0.9112250452142574,0.89726674026271,0.8477791590816862,0.7954545454545454
usage_plus_extracted_reports,0.9179384423392344,0.9029678184078478,0.8735760267962607,0.8095238095238095
usage_plus_true_reports,0.9238507056946911,0.9066689541079299,0.8608717149620928,0.8344370860927153
