target,model,encoder,eval_split,n,accuracy,macro_precision,macro_recall,macro_f1,weighted_f1,mean_confidence,ece_10bin
severity,minilm_embedding_logreg,sentence-transformers/all-MiniLM-L6-v2,validation,11592,0.6411318150448585,0.5548477183336139,0.7271077746474869,0.5940089017357739,0.6494681882272892,0.6933868431666413,0.11526269287989661
severity,minilm_embedding_logreg,sentence-transformers/all-MiniLM-L6-v2,test,19296,0.6405472636815921,0.5601349503863171,0.7355080435259375,0.6010562813835102,0.6483207464071311,0.6942943547822507,0.11135337054427054
severity,minilm_embedding_logreg,sentence-transformers/all-MiniLM-L6-v2,gold_subset,1200,0.5241666666666667,0.5684070877146189,0.522850975975976,0.5394663783909422,0.5244240558984818,0.6760050605781605,0.15183839391149379
