feature_set,r2,r2_ci_low,r2_ci_high,f1,f1_ci_low,f1_ci_high
extracted_reports_only,-1.8035336931941548,-2.073823962840145,-1.570227587701877,0.34618539786710417,0.31050815343258603,0.37936854245301
true_reports_only,-1.88703474031607,-2.1646958064546036,-1.6514963567406349,0.3419607843137255,0.3079390537289495,0.37510565112012273
usage_only,0.9337340794983339,0.9250446125290118,0.9413711874007037,0.8731182795698925,0.8379019159123982,0.9040568180337765
usage_plus_extracted_reports,0.937994600777489,0.9296968080455843,0.9450024942083824,0.8642533936651584,0.8278867102396514,0.8972746331236897
usage_plus_true_reports,0.9443383974494488,0.9363591258087446,0.9510286885244594,0.8481262327416174,0.8146512664509963,0.8787905001572821
