target,eval_subset,n,accuracy,macro_f1,weighted_f1
component_code,test_all_rows,19296,1.0,1.0,1.0
component_code,test_rows_seen_in_train,10810,1.0,1.0,1.0
component_code,test_rows_not_seen_in_train,8486,1.0,1.0,1.0
severity,test_all_rows,19296,0.6849087893864013,0.6174161287780462,0.6893585793141693
severity,test_rows_seen_in_train,10810,0.6929694727104533,0.6264058647744919,0.6958022767702802
severity,test_rows_not_seen_in_train,8486,0.6746405844921046,0.6041707851008702,0.6796802796969719
location_hint,test_all_rows,19296,0.9956467661691543,0.9959328440969971,0.9956552644493057
location_hint,test_rows_seen_in_train,10810,0.9991674375578168,0.9993020051818376,0.9991677055006096
location_hint,test_rows_not_seen_in_train,8486,0.9911619137402781,0.990709313930032,0.9912132984370647
